{"mae": 13.047697800220737, "r2": 0.9447945128740125}